Grondsoort,Ensemble,Jaar,Langste uitvalperiode (dagen),Totaal dagen onder TAW,Eerste dag onder TAW,Laatste dag onder TAW,Vegetatie-uitval,LivingPlantCover (%)
zand,0,2036,27,98,2036-04-08,2036-09-01,Nee,64.0
zand,1,2036,27,98,2036-04-08,2036-09-01,Nee,64.0
zand,2,2036,25,47,2036-04-18,2036-08-20,Nee,69.14
zand,3,2036,37,136,2036-04-20,2036-10-18,Nee,32.4
zand,4,2036,21,114,2036-04-04,2036-10-07,Nee,78.22
zand,5,2036,21,100,2036-04-17,2036-09-03,Nee,78.22
zand,6,2036,48,85,2036-04-30,2036-08-15,Ja,0.0
zand,7,2036,34,98,2036-04-18,2036-09-05,Nee,42.91
zand,0,2037,28,89,2037-04-21,2037-09-17,Nee,61.28
zand,1,2037,28,89,2037-04-21,2037-09-17,Nee,61.28
zand,2,2037,24,81,2037-04-11,2037-10-02,Nee,71.56
zand,3,2037,31,105,2037-04-09,2037-09-21,Nee,52.54
zand,4,2037,43,97,2037-04-24,2037-09-21,Nee,8.69
zand,5,2037,16,117,2037-04-23,2037-10-07,Nee,87.36
zand,6,2037,25,103,2037-04-14,2037-09-15,Nee,69.14
zand,7,2037,31,69,2037-05-02,2037-10-06,Nee,52.54
zand,0,2038,26,79,2038-04-24,2038-10-10,Nee,66.62
zand,1,2038,26,79,2038-04-24,2038-10-10,Nee,66.62
zand,2,2038,25,90,2038-04-16,2038-09-14,Nee,69.14
zand,3,2038,29,100,2038-04-24,2038-09-24,Nee,58.47
zand,4,2038,14,83,2038-04-13,2038-09-06,Nee,90.32
zand,5,2038,22,96,2038-05-02,2038-10-02,Nee,76.1
zand,6,2038,20,86,2038-04-30,2038-10-12,Nee,80.25
zand,7,2038,21,83,2038-04-21,2038-09-06,Nee,78.22
zand,0,2039,22,109,2039-04-22,2039-09-30,Nee,76.1
zand,1,2039,22,109,2039-04-22,2039-09-30,Nee,76.1
zand,2,2039,29,97,2039-04-19,2039-09-29,Nee,58.47
zand,3,2039,35,89,2039-03-28,2039-08-27,Nee,39.51
zand,4,2039,15,48,2039-04-23,2039-09-21,Nee,88.89
zand,5,2039,52,96,2039-04-22,2039-09-13,Ja,0.0
zand,6,2039,32,117,2039-04-25,2039-10-31,Nee,49.43
zand,7,2039,30,106,2039-04-28,2039-09-23,Nee,55.56
zand,0,2040,23,80,2040-04-26,2040-10-18,Nee,73.88
zand,1,2040,23,80,2040-04-26,2040-10-18,Nee,73.88
zand,2,2040,27,80,2040-04-08,2040-09-20,Nee,64.0
zand,3,2040,69,120,2040-04-11,2040-10-07,Ja,0.0
zand,4,2040,19,93,2040-04-15,2040-10-07,Nee,82.17
zand,5,2040,22,79,2040-04-14,2040-08-28,Nee,76.1
zand,6,2040,37,123,2040-03-28,2040-09-10,Nee,32.4
zand,7,2040,8,40,2040-04-28,2040-10-15,Nee,96.84
zand,0,2041,31,86,2041-05-01,2041-09-18,Nee,52.54
zand,1,2041,31,86,2041-05-01,2041-09-18,Nee,52.54
zand,2,2041,26,106,2041-03-30,2041-09-22,Nee,66.62
zand,3,2041,26,85,2041-04-14,2041-09-12,Nee,66.62
zand,4,2041,22,98,2041-04-09,2041-09-25,Nee,76.1
zand,5,2041,30,96,2041-04-11,2041-10-31,Nee,55.56
zand,6,2041,47,107,2041-04-18,2041-10-02,Ja,0.0
zand,7,2041,34,90,2041-04-27,2041-09-29,Nee,42.91
zand,0,2042,37,142,2042-04-15,2042-10-18,Nee,32.4
zand,1,2042,37,142,2042-04-15,2042-10-18,Nee,32.4
zand,2,2042,48,98,2042-04-16,2042-09-27,Ja,0.0
zand,3,2042,33,140,2042-04-19,2042-10-29,Nee,46.22
zand,4,2042,32,111,2042-04-18,2042-10-22,Nee,49.43
zand,5,2042,24,87,2042-04-08,2042-09-12,Nee,71.56
zand,6,2042,36,86,2042-04-22,2042-09-29,Nee,36.0
zand,7,2042,22,76,2042-04-28,2042-08-30,Nee,76.1
zand,0,2043,22,76,2043-04-15,2043-09-19,Nee,76.1
zand,1,2043,22,76,2043-04-15,2043-09-19,Nee,76.1
zand,2,2043,31,83,2043-05-09,2043-10-22,Nee,52.54
zand,3,2043,19,80,2043-04-24,2043-10-18,Nee,82.17
zand,4,2043,16,83,2043-04-27,2043-09-27,Nee,87.36
zand,5,2043,25,111,2043-04-21,2043-10-06,Nee,69.14
zand,6,2043,27,85,2043-04-30,2043-09-23,Nee,64.0
zand,7,2043,41,116,2043-04-15,2043-09-18,Nee,16.99
zand,0,2044,19,57,2044-04-19,2044-08-18,Nee,82.17
zand,1,2044,19,57,2044-04-19,2044-08-18,Nee,82.17
zand,2,2044,64,98,2044-04-21,2044-09-14,Ja,0.0
zand,3,2044,18,64,2044-04-12,2044-08-10,Nee,84.0
zand,4,2044,27,118,2044-04-07,2044-10-22,Nee,64.0
zand,5,2044,29,90,2044-04-14,2044-09-23,Nee,58.47
zand,6,2044,20,111,2044-04-14,2044-09-06,Nee,80.25
zand,7,2044,29,114,2044-04-26,2044-10-12,Nee,58.47
zand,0,2045,10,59,2045-05-17,2045-10-15,Nee,95.06
zand,1,2045,10,59,2045-05-17,2045-10-15,Nee,95.06
zand,2,2045,11,53,2045-04-10,2045-08-10,Nee,94.02
zand,3,2045,16,81,2045-05-14,2045-09-22,Nee,87.36
zand,4,2045,31,146,2045-04-07,2045-11-05,Nee,52.54
zand,5,2045,24,69,2045-04-29,2045-10-06,Nee,71.56
zand,6,2045,34,67,2045-04-17,2045-09-17,Nee,42.91
zand,7,2045,31,107,2045-04-03,2045-09-10,Nee,52.54
zand,0,2046,19,89,2046-05-02,2046-10-06,Nee,82.17
zand,1,2046,19,89,2046-05-02,2046-10-06,Nee,82.17
zand,2,2046,44,88,2046-04-09,2046-09-17,Nee,4.4
zand,3,2046,50,94,2046-04-28,2046-10-11,Ja,0.0
zand,4,2046,47,120,2046-03-29,2046-09-24,Ja,0.0
zand,5,2046,19,103,2046-04-07,2046-10-14,Nee,82.17
zand,6,2046,24,82,2046-04-20,2046-10-06,Nee,71.56
zand,7,2046,39,107,2046-04-30,2046-10-08,Nee,24.89
zand,0,2047,97,168,2047-04-08,2047-10-27,Ja,0.0
zand,1,2047,97,168,2047-04-08,2047-10-27,Ja,0.0
zand,2,2047,28,119,2047-04-05,2047-09-10,Nee,61.28
zand,3,2047,48,119,2047-04-10,2047-10-08,Ja,0.0
zand,4,2047,24,99,2047-05-07,2047-10-11,Nee,71.56
zand,5,2047,19,65,2047-05-27,2047-09-20,Nee,82.17
zand,6,2047,41,100,2047-04-14,2047-10-13,Nee,16.99
zand,7,2047,15,65,2047-04-28,2047-09-22,Nee,88.89
zand,0,2048,38,90,2048-04-15,2048-09-24,Nee,28.69
zand,1,2048,38,90,2048-04-15,2048-09-24,Nee,28.69
zand,2,2048,41,95,2048-04-21,2048-09-13,Nee,16.99
zand,3,2048,22,101,2048-04-07,2048-09-16,Nee,76.1
zand,4,2048,37,97,2048-04-13,2048-09-30,Nee,32.4
zand,5,2048,29,88,2048-04-18,2048-10-17,Nee,58.47
zand,6,2048,23,96,2048-04-15,2048-09-18,Nee,73.88
zand,7,2048,26,106,2048-04-12,2048-09-25,Nee,66.62
zand,0,2049,19,86,2049-04-09,2049-10-10,Nee,82.17
zand,1,2049,19,86,2049-04-09,2049-10-10,Nee,82.17
zand,2,2049,42,129,2049-04-03,2049-10-10,Nee,12.89
zand,3,2049,31,120,2049-03-27,2049-09-14,Nee,52.54
zand,4,2049,27,92,2049-05-15,2049-10-27,Nee,64.0
zand,5,2049,29,100,2049-04-16,2049-09-11,Nee,58.47
zand,6,2049,45,93,2049-05-12,2049-09-26,Nee,0.0
zand,7,2049,38,134,2049-04-18,2049-10-06,Nee,28.69
zand,0,2050,30,103,2050-04-26,2050-10-25,Nee,55.56
zand,1,2050,30,103,2050-04-26,2050-10-25,Nee,55.56
zand,2,2050,58,134,2050-04-04,2050-10-06,Ja,0.0
zand,3,2050,19,60,2050-05-14,2050-09-12,Nee,82.17
zand,4,2050,29,91,2050-05-02,2050-09-18,Nee,58.47
zand,5,2050,20,80,2050-04-25,2050-09-05,Nee,80.25
zand,6,2050,76,164,2050-04-01,2050-10-26,Ja,0.0
zand,7,2050,17,71,2050-04-26,2050-09-08,Nee,85.73
zand,0,2051,23,83,2051-04-29,2051-09-19,Nee,73.88
zand,1,2051,23,83,2051-04-29,2051-09-19,Nee,73.88
zand,2,2051,20,70,2051-04-26,2051-08-09,Nee,80.25
zand,3,2051,46,102,2051-04-29,2051-09-13,Ja,0.0
zand,4,2051,24,100,2051-04-06,2051-09-15,Nee,71.56
zand,5,2051,25,92,2051-04-09,2051-09-23,Nee,69.14
zand,6,2051,28,94,2051-04-28,2051-09-08,Nee,61.28
zand,7,2051,17,73,2051-04-24,2051-10-20,Nee,85.73
zand,0,2052,26,93,2052-04-18,2052-09-20,Nee,66.62
zand,1,2052,26,93,2052-04-18,2052-09-20,Nee,66.62
zand,2,2052,24,102,2052-04-08,2052-10-09,Nee,71.56
zand,3,2052,26,95,2052-04-26,2052-09-29,Nee,66.62
zand,4,2052,30,69,2052-05-03,2052-08-31,Nee,55.56
zand,5,2052,17,63,2052-05-02,2052-10-18,Nee,85.73
zand,6,2052,58,122,2052-04-09,2052-10-18,Ja,0.0
zand,7,2052,17,63,2052-05-02,2052-10-18,Nee,85.73
zand,0,2053,19,85,2053-04-15,2053-09-03,Nee,82.17
zand,1,2053,19,85,2053-04-15,2053-09-03,Nee,82.17
zand,2,2053,40,119,2053-04-25,2053-10-07,Nee,20.99
zand,3,2053,37,95,2053-05-01,2053-10-19,Nee,32.4
zand,4,2053,35,110,2053-04-24,2053-10-21,Nee,39.51
zand,5,2053,24,95,2053-04-25,2053-10-08,Nee,71.56
zand,6,2053,19,108,2053-05-04,2053-10-19,Nee,82.17
zand,7,2053,24,95,2053-04-25,2053-10-08,Nee,71.56
zand,0,2054,13,44,2054-04-28,2054-09-03,Nee,91.65
zand,1,2054,13,44,2054-04-28,2054-09-03,Nee,91.65
zand,2,2054,36,71,2054-04-30,2054-09-03,Nee,36.0
zand,3,2054,37,93,2054-04-05,2054-09-09,Nee,32.4
zand,4,2054,31,83,2054-04-10,2054-09-09,Nee,52.54
zand,5,2054,29,98,2054-04-20,2054-10-01,Nee,58.47
zand,6,2054,26,90,2054-04-12,2054-09-13,Nee,66.62
zand,7,2054,26,90,2054-04-12,2054-09-13,Nee,66.62
zand,0,2055,35,133,2055-04-20,2055-10-13,Nee,39.51
zand,1,2055,35,133,2055-04-20,2055-10-13,Nee,39.51
zand,2,2055,39,147,2055-04-15,2055-10-14,Nee,24.89
zand,3,2055,60,124,2055-03-27,2055-09-25,Ja,0.0
zand,4,2055,13,82,2055-04-18,2055-10-27,Nee,91.65
zand,5,2055,10,33,2055-04-21,2055-08-28,Nee,95.06
zand,6,2055,19,88,2055-04-19,2055-10-12,Nee,82.17
zand,7,2055,19,88,2055-04-19,2055-10-12,Nee,82.17
zand,0,2056,19,115,2056-04-11,2056-10-07,Nee,82.17
zand,1,2056,19,115,2056-04-11,2056-10-07,Nee,82.17
zand,2,2056,65,133,2056-04-05,2056-10-04,Ja,0.0
zand,3,2056,23,118,2056-03-30,2056-10-20,Nee,73.88
zand,4,2056,30,100,2056-04-14,2056-09-21,Nee,55.56
zand,5,2056,21,83,2056-04-06,2056-10-22,Nee,78.22
zand,6,2056,17,90,2056-05-03,2056-09-23,Nee,85.73
zand,7,2056,17,90,2056-05-03,2056-09-23,Nee,85.73
zand,0,2057,14,85,2057-04-22,2057-08-31,Nee,90.32
zand,1,2057,14,85,2057-04-22,2057-08-31,Nee,90.32
zand,2,2057,23,108,2057-05-01,2057-10-21,Nee,73.88
zand,3,2057,26,69,2057-03-29,2057-08-28,Nee,66.62
zand,4,2057,50,109,2057-04-06,2057-10-25,Ja,0.0
zand,5,2057,29,74,2057-06-01,2057-09-23,Nee,58.47
zand,6,2057,13,60,2057-04-05,2057-10-08,Nee,91.65
zand,7,2057,13,60,2057-04-05,2057-10-08,Nee,91.65
zand,0,2058,27,86,2058-05-01,2058-09-18,Nee,64.0
zand,1,2058,27,86,2058-05-01,2058-09-18,Nee,64.0
zand,2,2058,34,126,2058-05-04,2058-10-31,Nee,42.91
zand,3,2058,36,106,2058-04-30,2058-10-01,Nee,36.0
zand,4,2058,16,53,2058-04-13,2058-08-30,Nee,87.36
zand,5,2058,29,92,2058-04-18,2058-09-18,Nee,58.47
zand,6,2058,15,64,2058-05-01,2058-09-30,Nee,88.89
zand,7,2058,15,64,2058-05-01,2058-09-30,Nee,88.89
zand,0,2059,27,81,2059-04-12,2059-09-25,Nee,64.0
zand,1,2059,27,81,2059-04-12,2059-09-25,Nee,64.0
zand,2,2059,50,129,2059-04-17,2059-10-12,Ja,0.0
zand,3,2059,40,137,2059-04-06,2059-10-26,Nee,20.99
zand,4,2059,23,91,2059-04-22,2059-09-23,Nee,73.88
zand,5,2059,51,143,2059-04-20,2059-10-19,Ja,0.0
zand,6,2059,31,91,2059-04-24,2059-10-16,Nee,52.54
zand,7,2059,31,91,2059-04-24,2059-10-16,Nee,52.54
zand,0,2060,23,100,2060-04-17,2060-09-27,Nee,73.88
zand,1,2060,23,100,2060-04-17,2060-09-27,Nee,73.88
zand,2,2060,41,103,2060-04-09,2060-09-30,Nee,16.99
zand,3,2060,24,87,2060-04-25,2060-10-25,Nee,71.56
zand,4,2060,11,67,2060-04-23,2060-08-30,Nee,94.02
zand,5,2060,20,95,2060-04-30,2060-09-18,Nee,80.25
zand,6,2060,26,93,2060-04-19,2060-09-25,Nee,66.62
zand,7,2060,41,103,2060-04-09,2060-09-30,Nee,16.99
zand,0,2061,30,87,2061-04-28,2061-09-23,Nee,55.56
zand,1,2061,30,87,2061-04-28,2061-09-23,Nee,55.56
zand,2,2061,22,62,2061-05-29,2061-10-01,Nee,76.1
zand,3,2061,17,77,2061-04-12,2061-09-20,Nee,85.73
zand,4,2061,57,147,2061-04-16,2061-11-16,Ja,0.0
zand,5,2061,23,85,2061-04-18,2061-10-17,Nee,73.88
zand,6,2061,23,95,2061-04-16,2061-09-29,Nee,73.88
zand,7,2061,23,85,2061-04-18,2061-10-17,Nee,73.88
zand,0,2062,19,78,2062-04-24,2062-09-23,Nee,82.17
zand,1,2062,19,78,2062-04-24,2062-09-23,Nee,82.17
zand,2,2062,51,102,2062-04-30,2062-09-15,Ja,0.0
zand,3,2062,40,90,2062-04-25,2062-10-03,Nee,20.99
zand,4,2062,18,88,2062-04-23,2062-10-01,Nee,84.0
zand,5,2062,29,104,2062-05-05,2062-10-03,Nee,58.47
zand,6,2062,16,60,2062-04-12,2062-10-24,Nee,87.36
zand,7,2062,29,104,2062-05-05,2062-10-03,Nee,58.47
zand,0,2063,24,84,2063-04-19,2063-09-10,Nee,71.56
zand,1,2063,24,84,2063-04-19,2063-09-10,Nee,71.56
zand,2,2063,30,100,2063-04-23,2063-09-22,Nee,55.56
zand,3,2063,31,127,2063-04-08,2063-10-29,Nee,52.54
zand,4,2063,32,105,2063-04-16,2063-10-20,Nee,49.43
zand,5,2063,21,101,2063-04-16,2063-09-17,Nee,78.22
zand,6,2063,54,93,2063-05-03,2063-10-09,Ja,0.0
zand,7,2063,19,87,2063-04-16,2063-09-11,Nee,82.17
zand,0,2064,16,81,2064-04-26,2064-09-30,Nee,87.36
zand,1,2064,16,81,2064-04-26,2064-09-30,Nee,87.36
zand,2,2064,15,77,2064-04-26,2064-10-17,Nee,88.89
zand,3,2064,18,80,2064-04-21,2064-08-31,Nee,84.0
zand,4,2064,20,72,2064-04-14,2064-09-14,Nee,80.25
zand,5,2064,20,84,2064-04-20,2064-09-02,Nee,80.25
zand,6,2064,28,103,2064-04-20,2064-09-25,Nee,61.28
zand,7,2064,14,50,2064-04-27,2064-09-18,Nee,90.32
zand,0,2065,20,64,2065-05-12,2065-09-17,Nee,80.25
zand,1,2065,20,64,2065-05-12,2065-09-17,Nee,80.25
zand,2,2065,51,141,2065-05-01,2065-10-24,Ja,0.0
zand,3,2065,26,87,2065-04-14,2065-09-23,Nee,66.62
zand,4,2065,25,94,2065-04-12,2065-10-02,Nee,69.14
zand,5,2065,59,113,2065-04-02,2065-10-15,Ja,0.0
zand,6,2065,22,74,2065-04-27,2065-09-08,Nee,76.1
zand,7,2065,25,65,2065-05-06,2065-09-04,Nee,69.14
